Project No.;Deposit No.;Company Name;Project Name;Location;Continent;" Status (2022), 1: Exploration/ Define resource; 2: Feasibility/ Pre-feasibility; 3: Construction; 4: Production; S: Suspending mining; T: Test of Metallurgical; D: Development licence; N: Not Use";Deposit type;Resource (*10^4 t, REO, Total);Grade (wt. %);La2O3;Ce2O3;Pr6O11;Nd2O3;Sm2O3;Eu2O3;Gd2O3;Tb4O7;Dy2O3;Ho2O3;Er2O3;Tm2O3;Yb2O3;Lu2O3;Y2O3;HREE percentage;REE pattern Ref.;Project and status Ref.;Deposit type Ref.;Resource and grade Ref.;
1;1;Lynas Rare Earths;Mount Weld;Mount Weld, Australia;Australia;4;Carbonatite;300;5,4;24,11212582;45,66210046;5,073566717;18,07458143;2,524099442;0,583460173;1,293759513;0,139523085;0,481988838;0,063419584;0,139523085;0,012683917;0,063419584;0;1,775748351;3,970065956;Paulick and Machacek ,2017;Lynas, Annual Report 2021, https://lynasrareearths.com/wp-content/uploads/2021/10/LYC_AR21.pdf;Lynas, Lynas Rare Earths Limited CLSA Exploration Access Day, 2022, https://wcsecure.weblink.com.au/pdf/LYC/02528273.pdf;Lynas, Lynas Rare Earths Limited CLSA Exploration Access Day, 2022, https://wcsecure.weblink.com.au/pdf/LYC/02528273.pdf;
2;2;MP Materials;Mountain Pass;Central Mojave Desert, California, America;North America;4;Carbonatite;418,3;8,9;33,20134024;49,10143162;4,294852269;12,0012184;0,807188547;0,106609808;0,197989644;0,06091989;0,045689918;0,015229973;0,015229973;0,015229973;0,015229973;0,015229973;0,106609808;0,487359123;Paulick and Machacek ,2017;https://mpmaterials.com/about/;Long, K.R., Van Gosen, B.S., Foley, N.K., and Cordier, Daniel, 2010, The principal rare earth elements deposits of the United States—A summary of domestic deposits and a global perspective: U.S. Geological Survey Scientific Investigations Report 2010–5220, 96 p. Available at http://pubs.usgs.gov/sir/2010/5220/.;Long, K.R., Van Gosen, B.S., Foley, N.K., and Cordier, Daniel, 2010, The principal rare earth elements deposits of the United States—A summary of domestic deposits and a global perspective: U.S. Geological Survey Scientific Investigations Report 2010–5220, 96 p. Available at http://pubs.usgs.gov/sir/2010/5220/.;
3;3;Iluka Resources Limited;Eneabba;Eneabba, Western Australia, Australia;Australia;4;Placer;7,29;0,09;23,3358923;45,80451814;4,063304028;14,21353385;2,502545588;0;1,597376358;0;0,909987376;0,112744641;0,478281399;0,067454059;0,439415013;0,052035988;6,422911253;10,08020609;Jaireth et al., 2014, OGR;ILUKA, ENEABBA MINERAL SANDS RECOVERY PROJECT ORE RESERVE ESTIMATE,2020, https://iluka.com/CMSPages/GetFile.aspx?guid=c9d5a86b-029e-47b7-873c-a88fd4f26123;ILUKA, ENEABBA MINERAL SANDS RECOVERY PROJECT ORE RESERVE ESTIMATE,2020, https://iluka.com/CMSPages/GetFile.aspx?guid=c9d5a86b-029e-47b7-873c-a88fd4f26123;ILUKA, ENEABBA MINERAL SANDS RECOVERY PROJECT ORE RESERVE ESTIMATE,2020, https://iluka.com/CMSPages/GetFile.aspx?guid=c9d5a86b-029e-47b7-873c-a88fd4f26123;
4;4;;WIM100 (Wimmera、Mallee);Wimmera & Mallee,Western Australia, Australia;Australia;2;Placer;;;;;;;;;;;;;;;;;;;;https://iluka.com/operations-resource-development/resource-development/wimmera;https://iluka.com/operations-resource-development/resource-development/wimmera;;
5;5;Australian Strategic Materials;Dubbo (Toongi);Dubbo, New South Wales, Australia;Australia;4(2022);Alkaline rock;55,63;0,74;19,57255343;36,89538808;4,049493813;14,17322835;2,137232846;0,112485939;2,137232846;0,337457818;2,024746907;0,337457818;1,124859393;0,112485939;1,012373453;0,112485939;15,86051744;23,05961755;Paulick, H., & Machacek, E. (2017). The global rare earth element exploration boom: An analysis of resources outside of China and discussion of development perspectives. Resources Policy, 52, 134-153.;https://asm-au.com/dubbo-project-overview/resources-and-reserves/;Spandler, C., & Morris, C. (2016). Geology and genesis of the Toongi rare metal (Zr, Hf, Nb, Ta, Y and REE) deposit, NSW, Australia, and implications for rare metal mineralization in peralkaline igneous rocks. Contributions to Mineralogy and Petrology, 171(12), 1-24.;Australian Strategic Materials, Annual Report 2021, https://www.asx.com.au/asxpdf/20211022/pdf/45203ydmw38kk0.pdf;
6;6;Greenland Minerals Limited;Kvanefjeld (Ilimaussaq:Kvanefjeld, Zone 3, Sørensen);Narsaq, Greenland;Greenland;2;Alkaline rock;1114;1,1;27,68518519;42,40740741;4,074074074;12,40740741;1,574074074;0,092592593;1,111111111;0,185185185;1,111111111;0,185185185;0,555555556;0,092592593;0,462962963;0,185185185;7,87037037;11,75925926;Paulick, H., & Machacek, E. (2017). The global rare earth element exploration boom: An analysis of resources outside of China and discussion of development perspectives. Resources Policy, 52, 134-153.;https://ggg.gl/project/geology-and-resource/；Positioning Greenland To Be A Major International Rare Earth Supplier;https://ggg.gl/project/geology-and-resource/;Greenland Minerals Limited, Positioning Greenland To Be A Major International Rare Earth Supplier ASX: GGG PDAC – 202, 2020, https://ggg.gl/mineral-resources-and-ore-reserves/;
7;7;Pensana Rare Earths Plc;Coola;Longonjo, Angola;Africa;1;Carbonatite;;;;;;;;;;;;;;;;;;;;Pensana Plc, interim results for the six months ended 31 December 2020, https://pensana.co.uk/wp-content/uploads/2021/04/Pensana-HYR-31-Dec-2020-Interims-for-release_FINAL.pdf;Pensana Rare Earths Plc, LSE Admission July 2020, https://pensana.co.uk/wp-content/uploads/2020/08/LSE_Admission_July2020.pdf;;
8;8;;Longonjo;Longonjo, Angola;Africa;1, 3(2021), 4(2022);Carbonatite;447;1,43;23,93;45,86;4,94;17,16;2,48;0,58;1,23;0,13;0,6;0,09;0,21;0,02;0,11;0,02;2,63;5,04;Preliminary Feasibility Study, 2019.11.15;Pensana Rare Earths Plc, LSE Admission July 2020, https://pensana.co.uk/wp-content/uploads/2020/08/LSE_Admission_July2020.pdf；Commencing development of the world’s first Freeport rare earth processing hub;Pensana Rare Earths Plc, LSE Admission July 2020, https://pensana.co.uk/wp-content/uploads/2020/08/LSE_Admission_July2020.pdf;Pensana Plc, interim results for the six months ended 31 December 2020, https://pensana.co.uk/wp-content/uploads/2021/04/Pensana-HYR-31-Dec-2020-Interims-for-release_FINAL.pdf;
9;9;Chemours;Georgia;Southeastern America;North America;4;Placer;;;;;;;;;;;;;;;;;;;;https://www.energyfuels.com/2021-07-07-Energy-Fuels-and-Neo-Performance-Materials-Announce-Contract-Signing-and-Launch-of-Commercial-Shipments-of-Rare-Earth-Product-to-Europe-in-Emerging-U-S-Based-Rare-Earth-Supply-Chain;https://www.energyfuels.com/2021-07-07-Energy-Fuels-and-Neo-Performance-Materials-Announce-Contract-Signing-and-Launch-of-Commercial-Shipments-of-Rare-Earth-Product-to-Europe-in-Emerging-U-S-Based-Rare-Earth-Supply-Chain;;
10;10;Energy Fuels;Bahia Project;Bahia, Brazil ;South America;1;Placer;;;;;;;;;;;;;;;;;;;;https://www.energyfuels.com/2022-05-19-Energy-Fuels-Secures-Major-Rare-Earth-Land-Position-in-Brazil#assets_all;https://www.energyfuels.com/2022-05-19-Energy-Fuels-Secures-Major-Rare-Earth-Land-Position-in-Brazil#assets_all;;
11;11;Tanbreez Mining Greenland AS;Tanbreez/Kringlerne;Kujalleq, Greenland;Greenland;2, D(2020);Alkaline rock;2900;0,617;17,73700306;33,18042813;3,211009174;12,2324159;2,293577982;0,305810398;2,599388379;0,458715596;2,905198777;0,611620795;2,44648318;0,305810398;1,987767584;0,305810398;19,41896024;31,03975535;Paulick, H., & Machacek, E. (2017). The global rare earth element exploration boom: An analysis of resources outside of China and discussion of development perspectives. Resources Policy, 52, 134-153.;"https://news.91jinshu.com/xitu/202008/19078.html; http://tanbreez.com/en/construction-phase/";"https://news.91jinshu.com/xitu/202008/19078.html; http://tanbreez.com/en/construction-phase/";Tanbreez Mining Greenland AS, Presentation at PDAC March 2018;
12;12;Leading Edge Materials;Norra Kärr;Gränna, south central sweden;Europe;2;Alkaline rock;20,3;0,55;9,983079526;22,50423012;2,876480541;11,33671743;3,045685279;0,338409475;3,214890017;0,676818951;4,230118443;0,846023689;2,876480541;0,507614213;2,707275804;0,338409475;34,5177665;49,91539763;Paulick, H., & Machacek, E. (2017). The global rare earth element exploration boom: An analysis of resources outside of China and discussion of development perspectives. Resources Policy, 52, 134-153.;"Balomenos, E., Davris, P., Deady, E., Yang, J., Panias, D., Friedrich, B., ... & Paspaliaris, I. (2017). The EURARE project: Development of a sustainable exploitation scheme for Europe’s Rare Earth Ore deposits. Johnson Matthey Technology Review, 61(2), 142-153.
https://leadingedgematerials.com/norra-karr/";"Balomenos, E., Davris, P., Deady, E., Yang, J., Panias, D., Friedrich, B., ... & Paspaliaris, I. (2017). The EURARE project: Development of a sustainable exploitation scheme for Europe’s Rare Earth Ore deposits. Johnson Matthey Technology Review, 61(2), 142-153.
https://leadingedgematerials.com/norra-karr/";GBM, Amended & Restated Prefeasibility Study-NI 43-101-Technical report for the Norra Kärr Rare Earth Element Deposit, 2015, https://leadingedgematerials.com/wp-content/uploads/2016/08/Norra-Karr_PFS_43-101-.pdf;
13;13;;Olserum;south central sweden;Europe;T;Hydrothermal/IOCG;4,78;0,61;13,51791531;30,78175896;3,745928339;14,65798046;3,42019544;0,16286645;3,42019544;0,651465798;3,42019544;0,651465798;1,954397394;0,325732899;1,791530945;0,325732899;21,17263844;33,71335505;Paulick, H., & Machacek, E. (2017). The global rare earth element exploration boom: An analysis of resources outside of China and discussion of development perspectives. Resources Policy, 52, 134-153.;Geological Survey of Sweden, United Nations Framework Classification for Resources Case Study: Rare Earth Elements, Exploration Prospects and Secondary Resourcesin Sweden, https://unece.org/sites/default/files/2022-05/ECE_ENERGY_GE.3_2022_12.pdf;Geological Survey of Sweden, United Nations Framework Classification for Resources Case Study: Rare Earth Elements, Exploration Prospects and Secondary Resourcesin Sweden, https://unece.org/sites/default/files/2022-05/ECE_ENERGY_GE.3_2022_12.pdf;Geological Survey of Sweden, United Nations Framework Classification for Resources Case Study: Rare Earth Elements, Exploration Prospects and Secondary Resourcesin Sweden, https://unece.org/sites/default/files/2022-05/ECE_ENERGY_GE.3_2022_12.pdf;
14;14;REE Minerals Holding AS;Fen;southern norway;Europe;1;Carbonatite;437;0,9;26,20441933;47,61363235;5,302853069;15,88240584;1,633985051;0,345981751;0,669559864;0,069394549;0,312185858;0,056515052;0,1575306;0,021067539;0,139365325;0,020142954;1,570960865;3,016722605;MARIEN et al., 2018;Balomenos, E., Davris, P., Deady, E., Yang, J., Panias, D., Friedrich, B., ... & Paspaliaris, I. (2017). The EURARE project: Development of a sustainable exploitation scheme for Europe’s Rare Earth Ore deposits. Johnson Matthey Technology Review, 61(2), 142-153.;Balomenos, E., Davris, P., Deady, E., Yang, J., Panias, D., Friedrich, B., ... & Paspaliaris, I. (2017). The EURARE project: Development of a sustainable exploitation scheme for Europe’s Rare Earth Ore deposits. Johnson Matthey Technology Review, 61(2), 142-153.;Balomenos, E., Davris, P., Deady, E., Yang, J., Panias, D., Friedrich, B., ... & Paspaliaris, I. (2017). The EURARE project: Development of a sustainable exploitation scheme for Europe’s Rare Earth Ore deposits. Johnson Matthey Technology Review, 61(2), 142-153.;
15;15;AMR Mineral Metal Inc;Aksu Diamas;Eastern Turkey;Asia;1;Placer;49,5;0,1;26,08695652;44,92753623;4,347826087;14,49275362;1,449275362;0;1,449275362;0;1,449275362;0;0;0;0;0;5,797101449;8,695652174;Paulick, H., & Machacek, E. (2017). The global rare earth element exploration boom: An analysis of resources outside of China and discussion of development perspectives. Resources Policy, 52, 134-153.;Deady, E., Lacinska, A., Goodenough, K. M., Shaw, R. A., & Roberts, N. M. (2019). Volcanic-derived placers as a potential resource of rare earth elements: the Aksu Diamas case study, Turkey. Minerals, 9(4), 208.;Deady, E., Lacinska, A., Goodenough, K. M., Shaw, R. A., & Roberts, N. M. (2019). Volcanic-derived placers as a potential resource of rare earth elements: the Aksu Diamas case study, Turkey. Minerals, 9(4), 208.;Balomenos, E., Davris, P., Deady, E., Yang, J., Panias, D., Friedrich, B., ... & Paspaliaris, I. (2017). The EURARE project: Development of a sustainable exploitation scheme for Europe’s Rare Earth Ore deposits. Johnson Matthey Technology Review, 61(2), 142-153.;
16;16;Vital Metals;Nechalacho/Thor Lak;Thor lake, Canada;North America;4;Alkaline rock;138,7;1,464;17,41038771;40,01463058;4,901243599;19,23920995;3,730797366;0,438917337;2,999268471;0,365764448;1,755669349;0,292611558;0,731528895;0,07315289;0,585223116;0,07315289;7,388441843;14,26481346;Paulick, H., & Machacek, E. (2017). The global rare earth element exploration boom: An analysis of resources outside of China and discussion of development perspectives. Resources Policy, 52, 134-153.;http://www.cre-ol.com/newsitem/278403394;Timofeev, A., & Williams-Jones, A. E. (2015). The origin of niobium and tantalum mineralization in the Nechalacho REE Deposit, NWT, Canada. Economic Geology, 110(7), 1719-1735.;Vital Metals Limited, 2019, https://vitalmetals.com.au/resources/;
17;17;;Wigu Hill;Morogoro Region, Tanzania;Africa;D;Carbonatite;8,58;2,6;38,33017078;48,57685009;3,605313093;8,538899431;0,493358634;0,113851992;0,151802657;0,018975332;0,037950664;0;0;0;0;0;0,132827324;0,341555977;Paulick, H., & Machacek, E. (2017). The global rare earth element exploration boom: An analysis of resources outside of China and discussion of development perspectives. Resources Policy, 52, 134-153.;https://vitalmetals.com.au/portfolio/wigu-hill-project/;https://vitalmetals.com.au/portfolio/wigu-hill-project/;Vital Metals Limited, https://vitalmetals.com.au/portfolio/wigu-hill-project/;
18;18;;Kipawa (Zeus);Zeus property, Canada;North America;S;Alkaline rock;10,65;0,39;14,32;29,1;3,56;13,4;3;0,37;2,9;0,54;3,58;0,78;2,46;0,39;2,34;0,32;22,97;36,28;Roche NI 43-101 Report, 2013;https://www.dropbox.com/s/tgzcn597zjil9z8/061623.003-FinRep_Matamec-NI43-101-20131017-001-Appen.pdf?dl=0;https://www.dropbox.com/s/tgzcn597zjil9z8/061623.003-FinRep_Matamec-NI43-101-20131017-001-Appen.pdf?dl=0;ROCHE, GENIVR, and Golder Associates, Feasibility study for the kipawa projects, Temiscamingue area, Québec, Canada, 2013;
19;19;Peak Resources;Ngualla;southern Tanzania;Africa;C(2022);Carbonatite;462;2,15;27,08631378;48,18788746;4,816404387;16,28516929;1,669051025;0,357653791;0,762994754;0,071530758;0,166905103;0,023843586;0,071530758;0;0,023843586;0;0,476871722;1,597520267;Paulick, H., & Machacek, E. (2017). The global rare earth element exploration boom: An analysis of resources outside of China and discussion of development perspectives. Resources Policy, 52, 134-153.;https://peakrareearths.com/ngualla-project/;Witt, W. K., Hammond, D. P., & Hughes, M. (2019). Geology of the Ngualla carbonatite complex, Tanzania, and origin of the Weathered Bastnaesite Zone REE ore. Ore Geology Reviews, 105, 28-54.;https://peakrareearths.com/ngualla-project/;
20;20;Namibia Critical Metals Inc.;Lofda;northwest of Horixas town, Namibia;Africa;1;Carbonatite;9,08;0,17;3,529411765;6,554621849;0,672268908;2,68907563;1,176470588;1,008403361;4,369747899;1,176470588;8,067226891;1,848739496;5,210084034;0,840336134;4,87394958;0,672268908;57,31092437;84,3697479;Paulick, H., & Machacek, E. (2017). The global rare earth element exploration boom: An analysis of resources outside of China and discussion of development perspectives. Resources Policy, 52, 134-153.;https://www.chinascrap.com/news/detail?id=93891；NI 43-101 Technical Report – NMI Lofdal Heavy Rare Earth Project Namibia;;https://www.namibiacriticalmetals.com/projects/lofdal-heavy-rare-earths-project;
21;21;;Otjiwarango;Otjiwarongo, Namibia;Africa;1;Alkaline rock;;;;;;;;;;;;;;;;;;;;https://www.namibiacriticalmetals.com/project-portfolio;https://www.namibiacriticalmetals.com/project-portfolio;;
22;22;Northern Minerals Limited;Browns Range (Wolverine);Tanami, Australia;Australia;1;Hydrothermal/IOCG;6;0,67;2,435723951;5,953991881;0,811907984;3,788903924;2,165087957;0,405953992;5,683355886;1,217861976;8,389715832;1,894451962;5,277401894;0,811907984;4,330175913;0,541271989;56,29228687;84,43843031;Paulick, H., & Machacek, E. (2017). The global rare earth element exploration boom: An analysis of resources outside of China and discussion of development perspectives. Resources Policy, 52, 134-153.;https://northernminerals.com.au/browns-range/resource-and-exploration/;Morin-Ka, S., Beardsmore, T. J., Hancock, E. A., Rasmussen, B., Dunkley, D., Zi, J., ... & Chapman, J. (2016). Alteration and age of the Browns Range heavy rare earth element deposits. GSWA 2016 Extended Abstracts: Promoting the Prospectivity of Western Australia: Geological Survey of Western Australia Record, 2, 21-25.;https://northernminerals.com.au/browns-range/resource-and-exploration/;
23;;;Browns Range (Gambit);Tanami, Australia;Australia;1;Hydrothermal/IOCG;;;;;;;;;;;;;;;;;;;;https://northernminerals.com.au/browns-range/resource-and-exploration/;Morin-Ka, S., Beardsmore, T. J., Hancock, E. A., Rasmussen, B., Dunkley, D., Zi, J., ... & Chapman, J. (2016). Alteration and age of the Browns Range heavy rare earth element deposits. GSWA 2016 Extended Abstracts: Promoting the Prospectivity of Western Australia: Geological Survey of Western Australia Record, 2, 21-25.;;
24;;;Browns Range (Gambit West);Tanami, Australia;Australia;1;Hydrothermal/IOCG;;;;;;;;;;;;;;;;;;;;https://northernminerals.com.au/browns-range/resource-and-exploration/;Morin-Ka, S., Beardsmore, T. J., Hancock, E. A., Rasmussen, B., Dunkley, D., Zi, J., ... & Chapman, J. (2016). Alteration and age of the Browns Range heavy rare earth element deposits. GSWA 2016 Extended Abstracts: Promoting the Prospectivity of Western Australia: Geological Survey of Western Australia Record, 2, 21-25.;;
25;;;Browns Range (Area 5);Tanami, Australia;Australia;1;Hydrothermal/IOCG;;;;;;;;;;;;;;;;;;;;https://northernminerals.com.au/browns-range/resource-and-exploration/;Morin-Ka, S., Beardsmore, T. J., Hancock, E. A., Rasmussen, B., Dunkley, D., Zi, J., ... & Chapman, J. (2016). Alteration and age of the Browns Range heavy rare earth element deposits. GSWA 2016 Extended Abstracts: Promoting the Prospectivity of Western Australia: Geological Survey of Western Australia Record, 2, 21-25.;;
26;;;Browns Range (Cyclops);Tanami, Australia;Australia;1;Hydrothermal/IOCG;;;;;;;;;;;;;;;;;;;;https://northernminerals.com.au/browns-range/resource-and-exploration/;Morin-Ka, S., Beardsmore, T. J., Hancock, E. A., Rasmussen, B., Dunkley, D., Zi, J., ... & Chapman, J. (2016). Alteration and age of the Browns Range heavy rare earth element deposits. GSWA 2016 Extended Abstracts: Promoting the Prospectivity of Western Australia: Geological Survey of Western Australia Record, 2, 21-25.;;
27;;;Browns Range (Banshee);Tanami, Australia;Australia;1;Hydrothermal/IOCG;;;;;;;;;;;;;;;;;;;;https://northernminerals.com.au/browns-range/resource-and-exploration/;Morin-Ka, S., Beardsmore, T. J., Hancock, E. A., Rasmussen, B., Dunkley, D., Zi, J., ... & Chapman, J. (2016). Alteration and age of the Browns Range heavy rare earth element deposits. GSWA 2016 Extended Abstracts: Promoting the Prospectivity of Western Australia: Geological Survey of Western Australia Record, 2, 21-25.;;
28;;;Browns Range (Dazzler);Tanami, Australia;Australia;1;Hydrothermal/IOCG;;;;;;;;;;;;;;;;;;;;https://northernminerals.com.au/browns-range/resource-and-exploration/;Morin-Ka, S., Beardsmore, T. J., Hancock, E. A., Rasmussen, B., Dunkley, D., Zi, J., ... & Chapman, J. (2016). Alteration and age of the Browns Range heavy rare earth element deposits. GSWA 2016 Extended Abstracts: Promoting the Prospectivity of Western Australia: Geological Survey of Western Australia Record, 2, 21-25.;;
29;23;;John Galt;East Kimberley, Australia;Australia;1&T;Hydrothermal/IOCG;;;;;;;;;;;;;;;;;;;;https://northernminerals.com.au/john-galt/;Morin-Ka, S., Beardsmore, T. J., Hancock, E. A., Rasmussen, B., Dunkley, D., Zi, J., ... & Chapman, J. (2016). Alteration and age of the Browns Range heavy rare earth element deposits. GSWA 2016 Extended Abstracts: Promoting the Prospectivity of Western Australia: Geological Survey of Western Australia Record, 2, 21-25.;;
30;24;;Boulder Ridge;Tanami, Australia;Australia;1;Hydrothermal/IOCG;;;;;;;;;;;;;;;;;;;;https://northernminerals.com.au/boulder-ridge/;Nazari-Dehkordi, T., Spandler, C., Oliver, N. H., & Wilson, R. (2018). Unconformity-related rare earth element deposits: a regional-scale hydrothermal mineralization type of Northern Australia. Economic Geology, 113(6), 1297-1305.;;
31;25;"Texas Mineral Resources Corp.
USA Rare Earth LLC";Round Top (Sierra Blanca);Hazpeth County, Texas, America;North America;2;Rhyolite;57;0,06;3,225806452;14,51612903;1,612903226;4,838709677;1,612903226;0;1,612903226;0;6,451612903;1,612903226;6,451612903;1,612903226;9,677419355;1,612903226;45,16129032;74,19354839;Paulick, H., & Machacek, E. (2017). The global rare earth element exploration boom: An analysis of resources outside of China and discussion of development perspectives. Resources Policy, 52, 134-153.;http://tmrcorp.com/news/press_releases/index.php?content_id=239;"http://tmrcorp.com/projects/rare_earths/geology/; O'Neill, L. C. (2014). REE-Be-UF Mineralization of the Round Top Laccolith, Sierra Blanca Peaks, Trans-Pecos Texas (Doctoral dissertation)；RAINBOW RARE EARTHS PRESENTATION2021.5";Paulick, H., & Machacek, E. (2017). The global rare earth element exploration boom: An analysis of resources outside of China and discussion of development perspectives. Resources Policy, 52, 134-153.;
32;26;ARAFURA RESOURCES;Nolans;Nolans, Australia;Australia;2;Hydrothermal/IOCG;145,6;2,6;19,14405808;48,79633168;5,922812381;20,59610241;2,292701567;0,382116928;0,993504012;0,076423386;0,305693542;0,038211693;0,076423386;0;0,038211693;0;1,337409247;2,865876958;Paulick, H., & Machacek, E. (2017). The global rare earth element exploration boom: An analysis of resources outside of China and discussion of development perspectives. Resources Policy, 52, 134-153.;https://www.chinascrap.com/news/detail?id=93891;Schoneveld, L., Spandler, C., & Hussey, K. (2015). Genesis of the central zone of the Nolans Bore rare earth element deposit, Northern Territory, Australia. Contributions to Mineralogy and Petrology, 170(2), 1-22.;Ucore Rare Metals Inc., https://www.arultd.com/projects/nolans.html#nolans-img;
33;27;Ucore Rare Metals Inc.;BokanMountain (Bokan-Dotson Ridge);Southeast Ketchikan, Alaska, America;North America;T;Alkaline granite;3,41;0,653;11,4379085;27,77777778;3,267973856;13,7254902;3,594771242;0,326797386;3,758169935;0,653594771;4,248366013;0,980392157;2,287581699;0,326797386;1,633986928;0,163398693;25,81699346;39,86928105;Paulick, H., & Machacek, E. (2017). The global rare earth element exploration boom: An analysis of resources outside of China and discussion of development perspectives. Resources Policy, 52, 134-153.;https://www.chinascrap.com/news/detail?id=93891;PRELIMINARY ECONOMIC ASSESSMENT ON THE BOKAN MOUNTAIN RARE EARTH ELEMENT PROJECT, NEAR KETCHIKAN, ALASKA;Bentzen, E. H., Hassan, G., Galbraith, L., Hammen, R. F., Robinson, R. J., Hafez, S. A., & Annavarapu, S. (2013). Preliminary Economic Assessment on the Bokan Mountain Rare Earth Element Project near ketchikan. Alaska, Tetra Tech, https://ucore.com/docs/PEA.pdf;
34;28;Torngat Metals Limited;Strange Lake;Nunavik, Quebec, Canada;North America;2, 4(2024);Alkaline/Alkaline granite;49,2;0,89;13,51955307;30,61452514;3,351955307;12,40223464;2,681564246;0,111731844;2,681564246;0,558659218;3,463687151;0,782122905;2,458100559;0,335195531;2,458100559;0,335195531;24,24581006;37,31843575;Paulick, H., & Machacek, E. (2017). The global rare earth element exploration boom: An analysis of resources outside of China and discussion of development perspectives. Resources Policy, 52, 134-153.;https://www.chinascrap.com/news/detail?id=93891；https://www.micon-international.com/torngat-metals-ltd;https://miningdataonline.com/property/1598/Strange-Lake-Project.aspx;https://miningdataonline.com/property/1598/Strange-Lake-Project.aspx;
35;29;Serra Verde mineracao;Serra Verde;Minasu County, Goias, Brazil;South America;2,4(2021);Ionic Clay;109,32;0,12;22,01257862;34,59119497;4,402515723;13,20754717;2,51572327;0;1,886792453;0,628930818;1,886792453;0,628930818;1,257861635;0;1,257861635;0;15,72327044;23,27044025;Paulick, H., & Machacek, E. (2017). The global rare earth element exploration boom: An analysis of resources outside of China and discussion of development perspectives. Resources Policy, 52, 134-153.;https://svpm.com.br/home;https://web.b.ebscohost.com/abstract?site=ehost&scope=site&jrnl=10297006&AN=140489001&h=iMEJBANssRczjPx%2f%2bblQPTgxFVsmnIwqlvL9FqZebPvnSOl7JKgwi7WYg4g%2bfB1fUFXGpK2mNh0fopzLi9XC1Q%3d%3d&crl=c&resultLocal=ErrCrlNoResults&resultNs=Ehost&crlhashurl=login.aspx%3fdirect%3dtrue%26profile%3dehost%26scope%3dsite%26authtype%3dcrawler%26jrnl%3d10297006%26AN%3d140489001;Serra Verde, 2015, https://www.cetem.gov.br/antigo/images/palestras/2015/iiisbtr/05-denilson-fonseca.pdf;
36;30;ACDC Metals Pty Ltd;Monazite Sand;Murray Basin, Australia;Australia;2;Placer;;;;;;;;;;;;;;;;;;;;https://medallionresources.com/2021/07/loi-partnership-medallion-monazite-process-se-australia/;;;
37;31;Rare Element Resources Ltd;Bear Lodge;Benoji Mountains, Wyoming, America;North America;T,3(2023);Carbonatite;49,8;3,05;26,43253235;43,77079482;4,916820702;17,89279113;2,883548983;0,628465804;1,515711645;0,11090573;0,406654344;0,036968577;0,073937153;0;0,036968577;0;1,293900185;3,475046211;Paulick, H., & Machacek, E. (2017). The global rare earth element exploration boom: An analysis of resources outside of China and discussion of development perspectives. Resources Policy, 52, 134-153.;June 2021 Corporate Presentation（http://www.rareelementresources.com/investor-information/presentations#.YP56aOgzYdU）;June 2021 Corporate Presentation（http://www.rareelementresources.com/investor-information/presentations#.YP56aOgzYdU）;http://www.rareelementresources.com/bear-lodge-project#.YP6ECegzYdU;
38;32;RareX;Cummins Range;Kimberley Region, Western Australia, Australia;Australia;1, 2(2021);Carbonatite;21,62;1,15;26,86567164;46,72789897;4,822043628;15,67164179;1,894374282;0,344431688;1,148105626;0;0,516647532;0;0,057405281;0;0;0;1,951779564;3,673938002;Paulick and Machacek;http://roskill.cn/Index/news/id/1010;;RareX, RAREX DELIVERS MAJOR RESOURCE UPGRADE AT CUMMINS RANGE RARE EARTHS PROJECT, WA, 2021, https://wcsecure.weblink.com.au/pdf/REE/02396566.pdf;
39;33;Hasting Technology Metals;Yangibana (Gifford Creek);Gascoyne Region, Western Australia, Australia;Australia;3,4(2024);Carbonatite;26,64;0,97;9,529089893;36,2076616;6,967295829;33,6844863;5,533124856;1,155742551;2,637622635;0,24124442;0,859171167;0,089935469;0,183036675;0,023633566;0,144844433;0,018685668;2,724424929;6,922598961;Slezak et al., 2020;https://hastingstechmetals.com/projects/yangibana/；29 Apr 2021 Quarterly Activities Report;;Hastings Technology Metals Limited, Investor Presentation, 2021, https://www.investi.com.au/api/announcements/has/bb2da2ab-afa.pdf;
40;34;;Brockman;East Kimberley, Australia;Australia;;Alkaline rock;8,694;0,21;13,72260101;30,42432049;0;12,50504205;2,776031005;0,263615914;0;0,746544385;0;1,242322257;0;0;3,593288701;0,523095377;34,20313882;40,30838954;Taylor et al., 1995;https://hastingstechmetals.com/projects/brockman/;Jaireth et al., 2014, OGR;https://hastingstechmetals.com/projects/brockman/;
41;35;Krakatoa resources LTD.;Mt Clere;Gascoyne, Western Australia;Australia;1;Carbonatite/ Ionic Clay/ Monazite sands;30,1;0,058;;;;;;;;;;;;;;;;;;https://thewest.com.au/business/public-companies/frontier-snags-rare-earths-near-world-class-deposit-c-4745936;https://www.ktaresources.com/mt-clere-rare-earth-project/;;
42;36;;Rand;New south wales, Australia;Australia;1(2022);Ionic Clay;;;;;;;;;;;;;;;;;;;;https://www.ktaresources.com/presentations/;;;
43;37;Lanthanein Resources (Frontier Resources LTD);Gascoyne (Edmund & Lyons);Gascoyne, Australia;Australia;1, 4(2023);Carbonatite;;;;;;;;;;;;;;;;;;;;https://newswire.iguana2.com/af5f4d73c1a54a33/lnr.asx/6A1092535/LNR_Company_Name_Change_New_ASX_Code_LNR;;;
44;38;;Murraydium;Southeastern South Australia and Western Victoria, Australia;Australia;1;Ionic Clay;;;;;;;;;;;;;;;;;;;;http://www.lanthanein.com/projects/murraydium/;;;
45;39;;Mt Clere;Eastern Gascoyne Province, Australia;Australia;1;Carbonatite;;;;;;;;;;;;;;;;;;;;http://www.lanthanein.com/projects/mt-clere/;;;
46;40;Kingfisher Mining;Kingfisher;Gascoyne, Australia;Australia;1;Carbonatite;;;;;;;;;;;;;;;;;;;;https://kingfishermining.com.au/gascoyne/;;;
47;41;;Mick Well ;Gascoyne, Australia;Australia;1;Carbonatite;;;;;;;;;;;;;;;;;;;;https://kingfishermining.com.au/projects/;;;
48;42;;Arthur River;Gascoyne, Australia;Australia;1;Carbonatite;;;;;;;;;;;;;;;;;;;;https://kingfishermining.com.au/projects/;;;
49;43;Dreadnought Resources;Mangaroon;Gascoyne, Australia;Australia;1;Mafic-ultramafic Magma;;;;;;;;;;;;;;;;;;;;https://www.dreadnoughtresources.com.au/project/mangaroon-ni-cu-pge-au-project/;;;
50;44;Australian Rare Earth LTD.;Koppamurra;Southeastern South Australia and Western Victoria;Australia;1;Ionic Clay;6,3585;0,0785;;;4,41;17,19;;;;0,48;2,65;;;;;;;3,13;Australian rare earths' Investor Presentation, 2021, 11;Australian Rare Earth LTD., Corporate Presentation July 2021;Australian Rare Earth LTD., Corporate Presentation July 2021;Australian Rare Earth LTD., Koppamurra emerges as a globally significant critical rare earths project with 104% increase in Mineral Resource, 2022, https://ar3.com.au/4-7-22-104-increase-in-mineral-resource-at-koppamurra-project/;
51;45;Resource Base Limited.;Miter Hill;Victoria, Australia;Australia;D;Ionic Clay;;;;;;;;;;;;;;;;;;;;https://resourcebase.com.au/projects/mitre-hill-project/;https://resourcebase.com.au/projects/mitre-hill-project/;;
52;46;Rainbow Rare Earths;Phalaborwa;Phalaborwa, South Africa;Africa;T, 2021(2);Carbonatite;16,5;0,43;20,34774944;39,72310013;5,707943234;23,65700047;4,505462779;1,112924958;2,685081478;0,295083355;1,205954472;0,198741021;0,401445191;0;0,145620257;0,013893214;0;4,945818989;Jaireth et al., 2014, OGR;Rainbow Rare Earths, Corporate-Presentation, 2022, https://www.rainbowrareearths.com/wp-content/uploads/2022/03/2022-03-Rainbow-Corporate-Presentation_v2.pdf;Eriksson, S. C. (1984). Age of carbonatite and phoscorite magmatism of the Phalaborwa Complex (South Africa). Chemical geology, 46(4), 291-299.;Rainbow Rare Earths, Corporate-Presentation, 2022, https://www.rainbowrareearths.com/wp-content/uploads/2022/03/2022-03-Rainbow-Corporate-Presentation_v2.pdf;
53;47;;Gakara (Murambi South);Bujumbura, Burundi;Africa;S;Carbonatite;31,85;9,5;30,08888076;41,36516177;3,005737334;19,96371349;2,9101367;0,548519478;1,51439072;0;0,193469536;0,016607538;0,025613239;0;0,004390068;0,000273596;0,363105778;2,117850474;Buyse et al., 2020;Rainbow Rare Earths, Corporate-Presentation, 2022, https://www.rainbowrareearths.com/wp-content/uploads/2022/03/2022-03-Rainbow-Corporate-Presentation_v2.pdf;;Rainbow Rare Earths, Corporate-Presentation, 2022, https://www.rainbowrareearths.com/wp-content/uploads/2022/03/2022-03-Rainbow-Corporate-Presentation_v2.pdf;
54;;;Gakara (Gasagwe);Bujumbura, Burundi;Africa;4(2017-2019);Carbonatite;;;;;;;;;;;;;;;;;;;;Rainbow Rare Earths, Corporate-Presentation, 2022, https://www.rainbowrareearths.com/wp-content/uploads/2022/03/2022-03-Rainbow-Corporate-Presentation_v2.pdf;https://rainbowrareearths.com/wp-content/uploads/2021/01/Exploration-Target.png;Rainbow Rare Earths, Corporate-Presentation, 2022, https://www.rainbowrareearths.com/wp-content/uploads/2022/03/2022-03-Rainbow-Corporate-Presentation_v2.pdf;
55;;;Gakara (Rusutama);Bujumbura, Burundi;Africa;1;Carbonatite;;;;;;;;;;;;;;;;;;;;Rainbow Rare Earths, Corporate-Presentation, 2022, https://www.rainbowrareearths.com/wp-content/uploads/2022/03/2022-03-Rainbow-Corporate-Presentation_v2.pdf;;Rainbow Rare Earths, Corporate-Presentation, 2022, https://www.rainbowrareearths.com/wp-content/uploads/2022/03/2022-03-Rainbow-Corporate-Presentation_v2.pdf;
56;;;Gakara (Gakara);Bujumbura, Burundi;Africa;1;Carbonatite;;;;;;;;;;;;;;;;;;;;Rainbow Rare Earths, Corporate-Presentation, 2022, https://www.rainbowrareearths.com/wp-content/uploads/2022/03/2022-03-Rainbow-Corporate-Presentation_v2.pdf;;Rainbow Rare Earths, Corporate-Presentation, 2022, https://www.rainbowrareearths.com/wp-content/uploads/2022/03/2022-03-Rainbow-Corporate-Presentation_v2.pdf;
57;;;Gakara (Gomvyi Central);Bujumbura, Burundi;Africa;1;Carbonatite;;;;;;;;;;;;;;;;;;;;Rainbow Rare Earths, Corporate-Presentation, 2022, https://www.rainbowrareearths.com/wp-content/uploads/2022/03/2022-03-Rainbow-Corporate-Presentation_v2.pdf;;Rainbow Rare Earths, Corporate-Presentation, 2022, https://www.rainbowrareearths.com/wp-content/uploads/2022/03/2022-03-Rainbow-Corporate-Presentation_v2.pdf;
58;;;Gakara (Gashirwe West and East);Bujumbura, Burundi;Africa;1;Carbonatite;;;;;;;;;;;;;;;;;;;;Rainbow Rare Earths, Corporate-Presentation, 2022, https://www.rainbowrareearths.com/wp-content/uploads/2022/03/2022-03-Rainbow-Corporate-Presentation_v2.pdf;;Rainbow Rare Earths, Corporate-Presentation, 2022, https://www.rainbowrareearths.com/wp-content/uploads/2022/03/2022-03-Rainbow-Corporate-Presentation_v2.pdf;
59;;;Gakara (Bigugo);Bujumbura, Burundi;Africa;1;Carbonatite;;;;;;;;;;;;;;;;;;;;Rainbow Rare Earths, Corporate-Presentation, 2022, https://www.rainbowrareearths.com/wp-content/uploads/2022/03/2022-03-Rainbow-Corporate-Presentation_v2.pdf;;Rainbow Rare Earths, Corporate-Presentation, 2022, https://www.rainbowrareearths.com/wp-content/uploads/2022/03/2022-03-Rainbow-Corporate-Presentation_v2.pdf;
60;;;Gakara (Gasenyi);Bujumbura, Burundi;Africa;1;Carbonatite;;;;;;;;;;;;;;;;;;;;Rainbow Rare Earths, Corporate-Presentation, 2022, https://www.rainbowrareearths.com/wp-content/uploads/2022/03/2022-03-Rainbow-Corporate-Presentation_v2.pdf;;Rainbow Rare Earths, Corporate-Presentation, 2022, https://www.rainbowrareearths.com/wp-content/uploads/2022/03/2022-03-Rainbow-Corporate-Presentation_v2.pdf;
61;;;Gakara (Kiyenzi);Bujumbura, Burundi;Africa;1;Carbonatite;29,7;1,25;30,08888076;41,36516177;3,005737334;19,96371349;2,9101367;0,548519478;1,51439072;0;0,193469536;0,016607538;0,025613239;0;0,004390068;0,000273596;0,363105778;2,117850474;Buyse et al., 2020;Rainbow Rare Earths, Corporate-Presentation, 2022, https://www.rainbowrareearths.com/wp-content/uploads/2022/03/2022-03-Rainbow-Corporate-Presentation_v2.pdf;;Rainbow Rare Earths, Corporate-Presentation, 2022, https://www.rainbowrareearths.com/wp-content/uploads/2022/03/2022-03-Rainbow-Corporate-Presentation_v2.pdf;
62;48;Ionic Rare Earths;Makuutu;Eastern Kampala, Uganda;Africa;T, 2(2021);Ionic Clay;34,48;0,064;20,8;25;4,9;19;3,6;0,7;3,5;0,4;2,7;0,5;1,5;0,5;1,3;0,2;15,3;25,9;Ionic rare earths limited annual report 2020;;;https://www.listcorp.com/asx/ixr/ionic-rare-earths-limited/news/updated-exploration-target-for-makuutu-rare-earths-2716697.html;
63;49;American rare Earths;La Paz;La Paz County, Arizona, America;North America;1;Metamorphic rocks (quartz feldspar gneiss), sedimentary layers, basic rock layers;8;0,0469;19,04761905;40,47619048;4,761904762;16,66666667;2,380952381;0;2,380952381;0;2,380952381;0;0;0;0;0;11,9047619;16,66666667;Paulick, H., & Machacek, E. (2017). The global rare earth element exploration boom: An analysis of resources outside of China and discussion of development perspectives. Resources Policy, 52, 134-153.;https://americanrareearths.com.au/la-paz-rare-earth-project/;RAIN11 February 2021 Taylor Collison ReportBOW RARE EARTHS PRESENTATION2021.5;https://americanrareearths.com.au/wp-content/uploads/2022/05/20220517-ARR-presentation-2382827.pdf;
64;50;;Halleck Creek (Laramie);Albany County, Wyoming, America;North America;1&T;Alkaline rock;;;;;;;;;;;;;;;;;;;;2020 annual report；11 February 2021 Taylor Collison Report；High-Grade Surface Sampling from Expanded Halleck Creek Project, TREO averaging >3000 ppm;11 February 2021 Taylor Collison Report;;
65;51;;Searchlight Nevada project;Nevada, America;North America;1;Hydrothermal/IOCG;;;;;;;;;;;;;;;;;;;;"https://americanrareearths.com.au/wp-content/uploads/2021/10/ARR-Investor-Presentation-October-FINAL.pdf; 11 February 2021 Taylor Collison Report";https://americanrareearths.com.au/wp-content/uploads/2021/10/ARR-Investor-Presentation-October-FINAL.pdf;;
66;52;Indian Rare Earths Limited;Chavara (Kerala);Chavara, Kerala, India;Asia;4;Placer;3,42;0,275;24,54;48,74;4,14;20,56;1,298;;;;;;;;;;0,73;0,73;Anitha et al., 2020;https://www.indiamart.com/indian-rare-earths-ltd-kanyakumari/about-us.html；https://economictimes.indiatimes.com/company/indian-rare-earths-limited/U15100MH1950GOI008187;;;
67;53;;Manvalkurichi;Manvalkurichi, Tamil Nadu, India;Asia;4;Placer;;;15,7;30,6;2,9;10,5;;;;;;;;;;;0,04;0,04;Jaireth et al., 2014, OGR;https://www.indiamart.com/indian-rare-earths-ltd-kanyakumari/about-us.html；https://economictimes.indiatimes.com/company/indian-rare-earths-limited/U15100MH1950GOI008187;;;
68;54;;Chhatrapur;Chhatrapur, Odisha, India;Asia;4;Placer;;;;;;;;;;;;;;;;;;;;https://www.indiamart.com/indian-rare-earths-ltd-kanyakumari/about-us.html；https://economictimes.indiatimes.com/company/indian-rare-earths-limited/U15100MH1950GOI008187;;;
69;55;Atomic Minerals Directorate (AMD) ;Amba Dongar;Chhota Udepur, Gujarat, India;Asia;1;Carbonatite;20,76;1,73;29,07;54,38;3,68;9,1;0,84;0,18;0,67;0,06;0,24;0,04;0,13;0,01;0,07;0,01;1,51;2,74;Chandra et al., 2017;Krishnamurthy, P. (2020). Rare Metal (RM) and Rare Earth Element (REE) Resources: World Scenario with Special Reference to India. Journal of the Geological Society of India, 95(5).;Krishnamurthy, P. (2020). Rare Metal (RM) and Rare Earth Element (REE) Resources: World Scenario with Special Reference to India. Journal of the Geological Society of India, 95(5).;Krishnamurthy, P. (2020). Rare Metal (RM) and Rare Earth Element (REE) Resources: World Scenario with Special Reference to India. Journal of the Geological Society of India, 95(5).;
70;56;MkangoResources;Songwe Hill;Southeastern Malawi;Africa;2;Carbonatite;36,62;1,33;24,64454976;44,61746784;4,8070413;16,3845633;2,369668246;0,541638456;1,354096141;0,135409614;0,812457684;0,135409614;0,270819228;0,067704807;0,203114421;0;3,65605958;6,63507109;Paulick, H., & Machacek, E. (2017). The global rare earth element exploration boom: An analysis of resources outside of China and discussion of development perspectives. Resources Policy, 52, 134-153.;;https://www.mkango.ca/projects/songwe/;https://www.mkango.ca/projects/songwe/;
71;57;;Nkalonje Hill ;Southeastern Malawi;Africa;1;Carbonatite;;;27,56618337;50,97742191;4,483156604;11,62807473;0,865613504;0,205583207;0,432806752;0,06131429;0,367885739;0,079347904;0,248863882;0,039673952;0,259684051;0,036067229;2,748322874;4,273966674;https://www.mkango.ca/projects/exploration/nkalonje-hill/;https://www.mkango.ca/projects/exploration/nkalonje-hill/;;;
72;58; Quantum Minería (QM) company;Matamulas;Matamuras, Ciudad Real, Spain;Europe;1;Placer;4,6;;;;;;;;;;;;;;;;;;;STRENGTHENING THE EUROPEAN RARE EARTHS SUPPLY-CHAIN Challenges and policy options A REPORT BY THE EUROPEAN RARE EARTHS COMPETENCY NETWORK (ERECON), 2017;STRENGTHENING THE EUROPEAN RARE EARTHS SUPPLY-CHAIN Challenges and policy options A REPORT BY THE EUROPEAN RARE EARTHS COMPETENCY NETWORK (ERECON), 2017;http://www.interempresas.net/Mineria/Articulos/141759-Tierras-raras-Trabajos-de-investigacion-en-el-yacimiento-de-monacitas-de-Matamulas.html;
73;59;Steenkampskraal Holdings Ltd（Steenkampskraal monazite mine (PTY) LTD）;Steenkampskraal;Western Cape, South Africa;Africa;3;Hydrothermal/IOCG (Monazite veins);8,69;14,4;20,76428571;45,28571429;5,121428571;17,97857143;2,871428571;0,064285714;1,957142857;0,214285714;1;0,142857143;0,292857143;0,028571429;0,128571429;0,014285714;4,135714286;7,914285714;Paulick, H., & Machacek, E. (2017). The global rare earth element exploration boom: An analysis of resources outside of China and discussion of development perspectives. Resources Policy, 52, 134-153.;https://www.steenkampskraal.com/geology/;https://www.steenkampskraal.com/geology/;https://www.steenkampskraal.com/the-mine/;
74;60;Idaho Strategic Resources;Diamond Creek;Eureka Mining district, the town Salmon, Idaho, America;North America;1;Hydrothermal/IOCG (Quartz veins);7,08;1,22;;;;;;;;;;;;;;;;;;https://newjerseymining.com/new-jersey-mining-company-provides-second-quarter-results-of-operations-and-corporate-activities/;;https://newjerseymining.com/diamond-creek/;
75;61;;Roberts Rare Earth Element;Mineral Hill, the town Salmon, Idaho, America;North America;1;Carbonatite;;;;;;;;;;;;;;;;;;;;https://newjerseymining.com/roberts/；https://newjerseymining.com/new-jersey-mining-co-extensively-expands-its-high-grade-roberts-rare-earth-element-land-package/;https://newjerseymining.com/roberts/;;
76;62;NioCorp Developments;Elk Creek;Elk Creek, Nebraska, America;North America;1;Carbonatite;104;0,3504;23,05398151;39,81509096;4,264837459;15,627796;3,847300925;1,371905756;3,280644199;0,357888458;1,431553832;0,208768267;0,447360573;0,059648076;0,298240382;0,029824038;5,934983597;12,04891142;https://secureservercdn.net/198.71.233.156/gx0.d43.myftpupload.com/wp-content/uploads/NioCorp_Presentation_June-2022.pdf;https://www.niocorp.com/niocorp-scores-initial-success-in-metallurgical-testing-of-elk-creek-ore-samples-to-optimize-process-and-demonstrate-potential-extraction-of-rare-earth-elements/;;https://secureservercdn.net/198.71.233.156/gx0.d43.myftpupload.com/wp-content/uploads/NioCorp_Presentation_June-2022.pdf;
77;63;MFC Industrial Ltd. &Wings Enterprises&Alberici Constructors%Wings Enterprises;Pea Ridge;St. Louis, Missouri, America;North America;S;Hydrothermal/IOCG;7,2;12;25,38;44,86;3,98;13,16;2,73;0,22;1,12;0;1,25;0,19;0,6;0;0,92;0,12;5,48;9,68;Long et al., 2010, The Principal Rare Earth Elements Deposits of the United States: A Summary of Domestic Deposits and a Global Perspective;;Mercer, C. N., Watts, K. E., & Gross, J. (2020). Apatite trace element geochemistry and cathodoluminescent textures—A comparison between regional magmatism and the Pea Ridge IOAREE and Boss IOCG deposits, southeastern Missouri iron metallogenic province, USA. Ore Geology Reviews, 116, 103129.;The Principal Rare Earth Elements Deposits of the United States—A Summary of Domestic Deposits and a Global Perspective;
78;64;Canada Rare Earth Corporation;Red Wine (Two Tom);Central Labrador, Canada;North America;1;Alkaline rock;48,38;1,18;24,36548223;46,02368866;4,737732657;15,90524535;2,707275804;0,253807107;1,607445008;0,169204738;0,676818951;0,084602369;0,169204738;0;0,084602369;0;3,214890017;6,00676819;Paulick, H., & Machacek, E. (2017). The global rare earth element exploration boom: An analysis of resources outside of China and discussion of development perspectives. Resources Policy, 52, 134-153.;http://www.canadarareearth.com/article/welcome-1.asp;http://www.canadarareearth.com/redwine;;
79;65;;Bom Futuro;Rondônia, Brazil;South America;;A type granite;;;;;;;;;;;;;;;;;;;;;;;
80;66;GBM Resources Ltd;Brightlands Milo;North West Mines Province, Queensland, Australia;Australia;N;Hydrothermal/IOCG (Tailings);11,5;0,06;24,59016393;42,62295082;3,278688525;13,1147541;1,639344262;0;1,639344262;0;1,639344262;0;1,639344262;0;1,639344262;0;8,196721311;14,75409836;Paulick, H., & Machacek, E. (2017). The global rare earth element exploration boom: An analysis of resources outside of China and discussion of development perspectives. Resources Policy, 52, 134-153.;Hellman, P. L., & Duncan, R. K. (2014). Evaluation of rare earth element deposits. Applied Earth Science, 123(2), 107-117.；OIL GEOCHEMISTRY IDENTIFIES FURTHER TARGETS AT MILO IOCG - REE DEPOSIT IN QUEENSLAND;;Hellman, P. L., & Duncan, R. K. (2014). Evaluation of rare earth element deposits. Applied Earth Science, 123(2), 107-117.；OIL GEOCHEMISTRY IDENTIFIES FURTHER TARGETS AT MILO IOCG - REE DEPOSIT IN QUEENSLAND;
81;67;Commerce Resources Corp;Ashram (Eldor);Northern Quebec, Canada;North America;2;Carbonatite;468,686;1,88;25,99469496;46,52519894;4,827586207;16,60477454;2,068965517;0,477453581;1,114058355;0,106100796;0,424403183;0,053050398;0,106100796;0;0,053050398;0;1,644562334;3,50132626;Paulick, H., & Machacek, E. (2017). The global rare earth element exploration boom: An analysis of resources outside of China and discussion of development perspectives. Resources Policy, 52, 134-153.;https://commerceresources.com/projects/the-ashram-rare-earth-element-and-fluorspar-deposit/maps-figures/;;https://commerceresources.com/projects/the-ashram-rare-earth-element-and-fluorspar-deposit/;
82;68;Toyota Tsusho & Sojitz Corporation;Dongpao;Lai Chau, Vietnam;Asia;3;Carbonatite;317;10;34,62;46,88;4,14;11,55;1,24;0,62;0,57;0,07;0,18;0,03;0,06;0,01;0,03;0,004;0;0,954;Chau et al., 2017, General characteristics of rare earth and radioactive elements in Dong Pao deposit, Lai Chau, Vietnam;Moody, M. D. (2013). Mother lode: The untapped rare earth mineral resources of Vietnam. NAVAL WAR COLLEGE NEWPORT RI JOINT MILITARY OPERATIONS DEPT.;;Moody, M. D. (2013). Mother lode: The untapped rare earth mineral resources of Vietnam. NAVAL WAR COLLEGE NEWPORT RI JOINT MILITARY OPERATIONS DEPT.;
83;69;The Vietnamese government;Nam Xe;Lai Chau, Vietnam;Asia;1;Carbonatite;770;;28,77;48,96;4,74;14,4;1,45;0,29;0,55;0,05;0,16;0,02;0,03;0,003;0,02;0,002;0,54;1,375;Thi and Wada, 2021, Temporal Emplacement Sequence of the South Nam Xe Carbonatites (Northwest Vietnam);Moody, M. D. (2013). Mother lode: The untapped rare earth mineral resources of Vietnam. NAVAL WAR COLLEGE NEWPORT RI JOINT MILITARY OPERATIONS DEPT.;;Moody, M. D. (2013). Mother lode: The untapped rare earth mineral resources of Vietnam. NAVAL WAR COLLEGE NEWPORT RI JOINT MILITARY OPERATIONS DEPT.;
84;70;Kazatompro;Uranium mine tailings in Kazakhstan;Kazakhstan;Asia;N;Tailings of Uranium deposit;;;;;;;;;;;;;;;;;;;;https://www.sohu.com/a/158006064_99913194;Thi, T. N., & Wada, H. (2021). Temporal Emplacement Sequence of the South Nam Xe Carbonatites (Northwest Vietnam). Journal of Geological Resource and Engineering, 9, 13-24.;;
85;71;Appia Energy Corp.;Alces Lake;Saskatchewan, Canada;North America;1;Biotite enriched Shear zone;;;;;;;;;;;;;;;;;;;;http://www.appiaenergy.ca/;;;
86;72;;Teasdale (/Elliot Lakea);Elliott Lake Region, Canada;North America;1;Paleo-sedimentary formation;8,2;0,159;25;45,83333333;4,6875;14,58333333;2,604166667;0;1,5625;0;1,041666667;0;0,520833333;0;0,520833333;0;3,645833333;7,291666667;Paulick, H., & Machacek, E. (2017). The global rare earth element exploration boom: An analysis of resources outside of China and discussion of development perspectives. Resources Policy, 52, 134-153.;http://www.appiaenergy.ca/projects/elliot-lake-property/teasdale-lake-zone/;;http://www.appiaenergy.ca/projects/elliot-lake-property/teasdale-lake-zone/;
87;73;Search minerals Inc.;Foxtrot;Southeastern Labrador, Canada;North America;1;Alkaline rock;10,35;1,107;18,04733728;38,46153846;4,339250493;15,7790927;2,859960552;0,098619329;2,268244576;0,394477318;2,071005917;0,394477318;1,183431953;0,197238659;0,986193294;0,197238659;12,72189349;20,41420118;Paulick, H., & Machacek, E. (2017). The global rare earth element exploration boom: An analysis of resources outside of China and discussion of development perspectives. Resources Policy, 52, 134-153.;http://searchminerals.ca/investors/presentations;Miller, R. R. (2015). Pantellerite-hosted rare earth element mineralization in southeast Labrador: The Foxtrot deposit. In Symposium on critical and strategic materials. British Columbia Geological Survey Paper (Vol. 3, p. 109).;http://www.searchminerals.ca/news/news-releases/search-minerals-announces-increased-deep-fox-and-foxtrot-mineral-resource-estimates;
88;74;;Deep Fox;Southeastern Labrador, Canada;North America;1;Alkaline rock;;;;;;;;;;;;;;;;;;;;http://searchminerals.ca/investors/presentations;;;
89;75;;Henley Harbour;Southeastern Labrador, Canada;North America;1;Unknown;;;;;;;;;;;;;;;;;;;;;;;
90;76;ThreeArc Mining LLC;Tomtor;Sakha Republic (Yakutia), Russia;Asia;2, 4(2024);Carbonatite;323,29;11,99;23,26;45,51;4,57;15,21;1,81;0,53;1,44;0,19;0,99;0,18;0,43;0,05;0,41;0,05;5,36;9,1;Lapin et al., 2016, Distribution of REE, Y, Sc, and Th in the Unique Complex Rare-Metal Ores of the Tomtor Deposit;https://www.threearc.ru/en/;;On the state and use of mineral and raw resources of the Russian federation in 2020, 2021 (in Russion).;
91;;;Monazite Inventory of the USSR;Russia;Europe;;——;;;;;;;;;;;;;;;;;;;;;;;
92;77;Technoinvest Alliance;Zashikhinskoye/Zashikhinsky;Nizhnyaya Uda, Irkutsk region, Russia;Asia;3, 4(2025);Alkaline granite;;;0,02;0;0;0;2,19;0,52;4,22;0;7,93;2,55;5,51;0,98;6,69;0;69,4;97,28;Alymova and Vladykin, 2021, Geochemistry, Mineralogy and Ore Content of Alkaline Granite Magmatism of East Sayan Zone (On the Example of Zashikhinsky Deposit). In Alkaline Rocks, Kimberlites and Carbonatites: Geochemistry and Genesis (pp. 6;On the state and use of mineral and raw resources of the Russian federation in 2020, 2021 (in Russion).;;On the state and use of mineral and raw resources of the Russian federation in 2020, 2021 (in Russion).;
93;78;LLC Lovozersky GOK;Lovozersky/Lovozero;Murmansk, Russia;Europe;4;Alkaline rock;717,4;1,12;25;50;5;15;0,7;0,09;0,6;0;0,6;0,7;0,8;0,1;0,2;0,15;1,3;4,45;China Northern Rare Earth (Group)High-Tech Co.,Ltd;On the state and use of mineral and raw resources of the Russian federation in 2020, 2021 (in Russion).;;On the state and use of mineral and raw resources of the Russian federation in 2020, 2021 (in Russion).;
94;79;Apatit JSC (PhosAgro PJSC);Khibiny (Kukisvumchorr/Kukisvumchorr);Khibiny, Murmansk, Russia;Europe;N;Alkaline rock (Apatite-nepheline tailing);894,6;0,31;;;;;;;;;;;;;;;;;;On the state and use of mineral and raw resources of the Russian federation in 2020, 2021 (in Russion).;;On the state and use of mineral and raw resources of the Russian federation in 2020, 2021 (in Russion).;
95;;;Khibiny (Yuksporskoe/Yukspor);Khibiny, Murmansk, Russia;Europe;N;Alkaline rock (Apatite-nepheline tailing);;;;;;;;;;;;;;;;;;;;On the state and use of mineral and raw resources of the Russian federation in 2020, 2021 (in Russion).;;On the state and use of mineral and raw resources of the Russian federation in 2020, 2021 (in Russion).;
96;;;Khibiny (Apatitovy Cirque);Khibiny, Murmansk, Russia;Europe;N;Alkaline rock (Apatite-nepheline tailing);;;;;;;;;;;;;;;;;;;;On the state and use of mineral and raw resources of the Russian federation in 2020, 2021 (in Russion).;;On the state and use of mineral and raw resources of the Russian federation in 2020, 2021 (in Russion).;
97;;;Khibiny (Koashvinskoe);Khibiny, Murmansk, Russia;Europe;N;Alkaline rock (Apatite-nepheline tailing);;;;;;;;;;;;;;;;;;;;On the state and use of mineral and raw resources of the Russian federation in 2020, 2021 (in Russion).;;On the state and use of mineral and raw resources of the Russian federation in 2020, 2021 (in Russion).;
98;;North-West Phosphorous Company JSC (PJSC Acron);Khibiny (Deer Creek);Khibiny, Murmansk, Russia;Europe;N;Alkaline rock (Apatite-nepheline tailing);;;;;;;;;;;;;;;;;;;;On the state and use of mineral and raw resources of the Russian federation in 2020, 2021 (in Russion).;;On the state and use of mineral and raw resources of the Russian federation in 2020, 2021 (in Russion).;
99;;ZAO “GK”Partomchorr” (PAO “FosAgro”);Khibiny (Partomchorrskoye);Murmansk, Russia;Europe;1;Alkaline rock (Apatite-nepheline tailing);;;;;;;;;;;;;;;;;;;;On the state and use of mineral and raw resources of the Russian federation in 2020, 2021 (in Russion).;;On the state and use of mineral and raw resources of the Russian federation in 2020, 2021 (in Russion).;
100;80;;Chuktokun;Krasnoyarsk, Russia;Asia;N;Carbonatite;286,23;5,38;;;;;;;;;;;;;;;;;;On the state and use of mineral and raw resources of the Russian federation in 2020, 2021 (in Russion).;;On the state and use of mineral and raw resources of the Russian federation in 2020, 2021 (in Russion).;
101;81;;Seligdar ;Sakha Republic (Yakutia), Russia;Asia;N;Alkaline rock (Apatite-carbonate);441,04;0,35;;;;;;;;;;;;;;;;;;On the state and use of mineral and raw resources of the Russian federation in 2020, 2021 (in Russion).;;On the state and use of mineral and raw resources of the Russian federation in 2020, 2021 (in Russion).;
102;82;;Beloziminskoe;Irkutsk region, Russia;Asia;N;Carbonatite;164,59;0,9;;;;;;;;;;;;;;;;;;On the state and use of mineral and raw resources of the Russian federation in 2020, 2021 (in Russion).;;On the state and use of mineral and raw resources of the Russian federation in 2020, 2021 (in Russion).;
103;83;LLC YaregaRuda, LLC LUKOIL-Komi (PJSC LUKOIL);Yaregskoe;Ukhta, Komi Republic, Russia;Europe;1;Oil-bearing leucoxene sandstones;103,11;0,04;;;;;;;;;;;;;;;;;;On the state and use of mineral and raw resources of the Russian federation in 2020, 2021 (in Russion).;;On the state and use of mineral and raw resources of the Russian federation in 2020, 2021 (in Russion).;
104;84;Companhia Brasileira de Metalurgia e Mineração;Araxá;Araxa, Minas Gerais, Brazil;South America;4;Carbonatite;120;3;28,0418251;49,40589354;4,538973384;13,85456274;1,497148289;0,33269962;0,689163498;0,071292776;0,285171103;0,047528517;0,071292776;0;0,047528517;0;1,116920152;2,328897338;Paulick, H., & Machacek, E. (2017). The global rare earth element exploration boom: An analysis of resources outside of China and discussion of development perspectives. Resources Policy, 52, 134-153.;https://miningdataonline.com/property/1512/Araxa-Mine.aspx;;"TAKEHARA, L., SILVEIRA, F., & SANTOS, R. Chapter 4-potentiality of rare earth elements in Brazil. Rare Earths Industry. 2016. Doi: 10.1016. B978-0-12-802328-0.00004-8; https://cbmm.com/zh/partner-with-cbmm/our-company/about-cbmm；https://www.mining120.com/tech/show-htm-itemid-27615.html";
105;;Itafos（MBAC Fertilizer Corp）;Area Zero (in Araxá);Araxa, Minas Gerais, Brazil;South America;;Carbonatite;119,1;4,22;;;;;;;;;;;;;;;;;;"https://www.itafos.com/projects/itafos-araxa/；https://www.itafos.com/investors/presentations-fact-sheets/; TAKEHARA, L., SILVEIRA, F., & SANTOS, R. Chapter 4-potentiality of rare earth elements in Brazil. Rare Earths Industry. 2016. Doi: 10.1016. B978-0-12-802328-0.00004-8.";;https://www.itafos.com/projects/itafos-araxa/；https://www.itafos.com/investors/presentations-fact-sheets/;
106;85;Frontier Rare Earths Ltd.;Zandkopsdrift;Northern Cape province, South Africa;Africa;2;Carbonatite;86,8;2,04;25,35842294;44,04121864;4,614695341;15,86021505;2,284946237;0,582437276;1,433691756;0,17921147;0,761648746;0,134408602;0,313620072;0,044802867;0,224014337;0,044802867;4,121863799;7,258064516;Paulick, H., & Machacek, E. (2017). The global rare earth element exploration boom: An analysis of resources outside of China and discussion of development perspectives. Resources Policy, 52, 134-153.;;https://frontierrareearths.com/chinese/;Frontier-Corporate-Presentation_Jan-2015;
107;86;Galileo Resources Plc;Glenover;Limpopo Province, South Africa;Africa;N;Carbonatite (Tailings);35,87;1,24;16,8623767;44,90371066;5,730389854;22,21700329;3,522780648;0,892437764;2,019727572;0,187881635;0,751526538;0,093940817;0,187881635;0;0,093940817;0;2,536402067;5,87130108;Paulick, H., & Machacek, E. (2017). The global rare earth element exploration boom: An analysis of resources outside of China and discussion of development perspectives. Resources Policy, 52, 134-153.;Geological Report and Resource Estimate for the Glenover Carbonatite Project;Geological Report and Resource Estimate for the Glenover Carbonatite Project;https://galileoresources.com/glenover-rare-earth-project/;
108;87;Tantalum Holding Ltd (ex-owner);Ambohimirahavavy;Ampassidawa Peninsula, Madagascar;Africa;N;Ionic Clay;17,67;0,0897;19,37;40,67;4,01;12,93;2,26;0,21;2,05;0,34;2,2;0,45;1,43;0,21;1,38;0,18;12,3;20,54;Estrade et al., 2019, REE concentration processes in ion adsorption deposits: Evidence from the Ambohimirahavavy alkaline complex in Madagascar;Wilmet, L., Devillers, P., & Beudels-Jamar, R. C. (2017). Priceless ecosystems threatened by a rare earth mining project in northwest Madagascar–Ampasindava Peninsula. Lemur News, 20, 3-4.;;Estrade, G., Marquis, E., Smith, M., Goodenough, K., & Nason, P. (2019). REE concentration processes in ion adsorption deposits: Evidence from the Ambohimirahavavy alkaline complex in Madagascar. Ore Geology Reviews, 112, 103027.;
109;88;QIT Madagascar Minerals;Mandena;Mandena, Madagascar;Africa;4;Placer;25,3;1,3;21,2;48,79;5,49;19;2,56;0,01;1,35;0,1;0,29;0,02;0,06;0,01;0,08;0,01;1,02;2,94;Hao et al., 2018, High-level natural radionuclides from the Mandena deposit, South Madagascar;Van Hao, D., Dinh, C. N., Jodłowski, P., & Kovacs, T. (2019). High-level natural radionuclides from the Mandena deposit, South Madagascar. Journal of Radioanalytical and Nuclear Chemistry, 319(3), 1331-1338.；https://www.riotinto.com/operations/madagascar/qit-madagascar-minerals;Van Hao, D., Dinh, C. N., Jodłowski, P., & Kovacs, T. (2019). High-level natural radionuclides from the Mandena deposit, South Madagascar. Journal of Radioanalytical and Nuclear Chemistry, 319(3), 1331-1338.;Van Hao, D., Dinh, C. N., Jodłowski, P., & Kovacs, T. (2019). High-level natural radionuclides from the Mandena deposit, South Madagascar. Journal of Radioanalytical and Nuclear Chemistry, 319(3), 1331-1338.;
110;89;New Democratic Army Kachin;Northern Myanmar;Kachin state, Myanmar;Asia;4;Ionic Clay;;;;;;;;;;;;;;;;;;;;https://www.globaltimes.cn/page/202103/1218983.shtml；https://roskill.com/news/rare-earths-myanmar-coup-detat-creates-more-uncertainty-for-heavy-rare-earth-supply/;;;
111;90;Unknown;South Central Thailand;South Central Thailand;Asia;4;Placer;;;;;;;;;;;;;;;;;;;;Charusiri, P., Sutthirat, C., & Daorerk, V. (2009). Introduction to rare-earth metal resources in Thailand.;Charusiri, P., Sutthirat, C., & Daorerk, V. (2009). Introduction to rare-earth metal resources in Thailand.;;
112;91;Unknown;Perak;Perak, Malaysia;Asia;N;Placer (Tailings of Tin deposit);;;;;;;;;;;;;;;;;;;;;;;
113;92;BHP;Olympic Dam (OC Sulphide);South Australia;Australia;N;IOCG (Tailings);6111,05;0,55;36,36;57,2;;;;;;;;;;;;;;;Weng et al., 2015;;Weng, Z., Jowitt, S. M., Mudd, G. M., & Haque, N. (2015). A detailed assessment of global rare earth element resources: opportunities and challenges. Economic Geology, 110(8), 1925-1952.;https://www.bhp.com/investor-centre/annual-report-2020/；Weng, Z., Jowitt, S. M., Mudd, G. M., & Haque, N. (2015). A detailed assessment of global rare earth element resources: opportunities and challenges. Economic Geology, 110(8), 1925-1952.;
114;;;Olympic Dam (UG Sulphide);South Australia;Australia;N;IOCG (Tailings);;;36,36;57,2;;;;;;;;;;;;;;;Weng et al., 2015;;;https://www.bhp.com/investor-centre/annual-report-2020/；Weng, Z., Jowitt, S. M., Mudd, G. M., & Haque, N. (2015). A detailed assessment of global rare earth element resources: opportunities and challenges. Economic Geology, 110(8), 1925-1952.;
115;93;Defense Metals;Wicheeda;Prince George, British Columbia, Canada;North America;2(2025);Carbonatite;68,6941;2;36,42;47,73;3,7;9,28;0,9;0,21;0,58;0,05;0,2;0,03;0,06;0,01;0,04;0,01;0,79;1,77;Dalsin et al., 2015, The mineralogy and geochemistry of the Wicheeda Carbonatite Complex, British Columbia, Canada;;;https://www.defensemetals.com/_files/ugd/1b0da6_e8f7b5aa25834742a3e09514b07f135a.pdf;
116;94;Great Western Minerals Group Ltd;Hoidas Lake;Northern Saskatchewan, Canada;North America;;Hydrothermal/IOCG;3,51;2,3;20,44129892;46,62781016;5,95337219;20,56619484;2,706078268;0,541215654;1,248959201;0,12489592;0,333055787;0;0,24979184;0;0,041631973;0;1,165695254;3,164029975;Paulick, H., & Machacek, E. (2017). The global rare earth element exploration boom: An analysis of resources outside of China and discussion of development perspectives. Resources Policy, 52, 134-153.;;Halpin, K. M. (2010). The characteristics and origin of the Hoidas Lake REE deposit (Doctoral dissertation, University of Saskatchewan).;CITIC Securities Co., Ltd report, 2020;
117;95;Mining Development Company;Pocos de Caldas;Brazil;South America;;Carbonatite;20,23;2,89;20,35;48,42;4,5;13,58;1,76;0,49;1,46;0,2;1,12;0,18;0,53;0,07;0,44;0,06;6,83;10,89;Schorscher and Shea, 1992, The regional geology of the Pogos de Caldas alkaline complex: mineralogy and geochemistry of selected nepheline syenites and phonolites ;POTENTIALITY OF RARE EARTH ELEMENTS IN BRAZIL;;TAKEHARA, L., SILVEIRA, F., & SANTOS, R. Chapter 4-potentiality of rare earth elements in Brazil. Rare Earths Industry. 2016. Doi: 10.1016. B978-0-12-802328-0.00004-8.;
118;96;Unknown;Pitinga;Brazil;South America;;Alkaline granite;2;1;3,34;11,82;1,51;6,57;1,85;0,05;2,04;0,93;8,08;2,03;8,88;2,12;15,21;2,16;33,41;74,86;Alves et al., 2018, Weathering of the Madeira world-class Sn-Nb-Ta (Cryolite, REE, U, Th) deposit, Pitinga Mine (Amazon, Brazil);POTENTIALITY OF RARE EARTH ELEMENTS IN BRAZIL;;TAKEHARA, L., SILVEIRA, F., & SANTOS, R. Chapter 4-potentiality of rare earth elements in Brazil. Rare Earths Industry. 2016. Doi: 10.1016. B978-0-12-802328-0.00004-8.;
119;97;Unknown;Catala˜o I;Goiás, Brazil;South America;;Carbonatite;654,5;5,5;34,42;50,22;3,69;10,7;0,45;0,21;0,12;0;0,18;0;0;0;0;0;0;0,3;Chen et al., 2017, Geochemistry of Monazite within Carbonatite Related REE Deposits;POTENTIALITY OF RARE EARTH ELEMENTS IN BRAZIL;;TAKEHARA, L., SILVEIRA, F., & SANTOS, R. Chapter 4-potentiality of rare earth elements in Brazil. Rare Earths Industry. 2016. Doi: 10.1016. B978-0-12-802328-0.00004-8.;
120;98;Unknown;Catala˜o II;Goiás, Brazil;South America;;Carbonatite;24,5;0,98;;;;;;;;;;;;;;;;;;POTENTIALITY OF RARE EARTH ELEMENTS IN BRAZIL;;TAKEHARA, L., SILVEIRA, F., & SANTOS, R. Chapter 4-potentiality of rare earth elements in Brazil. Rare Earths Industry. 2016. Doi: 10.1016. B978-0-12-802328-0.00004-8.;
121;99;Unknown;Paraı ´ba (Guaju Mine) ;Paraı ´ba, Brazil;South America;;Placer;;;;;;;;;;;;;;;;;;;;POTENTIALITY OF RARE EARTH ELEMENTS IN BRAZIL;;;
122;100;Unknown;Rio de Janeiro (Buena Mine);Rio de Janeiro, Brazil;South America;;Placer;;;;;;;;;;;;;;;;;;;;POTENTIALITY OF RARE EARTH ELEMENTS IN BRAZIL;;;
123;101;Aclara Resources ;Penco Module (Biolantanidos);Biobio, Chile;South America;4(2026);Ionic Clay;5,4967;0,2415;11,6;4;2,9;12,5;2,6;0,2;3,1;0,7;5,5;1,3;4;0,5;3,1;0,5;47,4;66,1;https://uploads-ssl.webflow.com/6267a587be31507747a1c8b6/62827cbee3973f2e40c90e4d_Aclara-Canaccord-Presentation-May.-2022_final.pdf;"https://uploads-ssl.webflow.com/6267a587be31507747a1c8b6/62827cbee3973f2e40c90e4d_Aclara-Canaccord-Presentation-May.-2022_final.pdf; https://www.mining-technology.com/news/hochschild-demerge-chilean-rare-earth/";"https://uploads-ssl.webflow.com/6267a587be31507747a1c8b6/62827cbee3973f2e40c90e4d_Aclara-Canaccord-Presentation-May.-2022_final.pdf; https://www.mining-technology.com/news/hochschild-demerge-chilean-rare-earth/";https://uploads-ssl.webflow.com/6267a587be31507747a1c8b6/62827cbee3973f2e40c90e4d_Aclara-Canaccord-Presentation-May.-2022_final.pdf;
124;102;Monumental Minerals Corp.;Jemi ;Coahuila, Mexico;North America;1;Alkaline rock;;;;;;;;;;;;;;;;;;;;https://monumentalminerals.com/jemi/;https://monumentalminerals.com/jemi/;;
125;103;Altona;Monte Muambe;Mozambique;Africa;1;Carbonatite;;;;;;;;;;;;;;;;;;;;https://www.altonare.com/investors/reports/;https://www.altonare.com/investors/reports/;;
126;104;SOQUEM;Fosse du Labrador;Québec, Canada;North America;1;VMS and orogenic gold;;;;;;;;;;;;;;;;;;;;https://soquem.qc.ca/map/;https://soquem.qc.ca/map/;;
127;105;;Kwyjibo;Lake Manitou, Québec, Canada;North America;1;IOCG;23,6082;2,86;;;;;;;;;;;;;;;;;;https://soquem.qc.ca/map/;https://soquem.qc.ca/map/;https://www.soquem.qc.ca/wp-content/uploads/kwyjibo-20180628-francais.pdf;
128;106;SOQUEM, Azimut;Rex South;Minto Subprovince, Québec, Canada;North America;1;Unknown;;;;;;;;;;;;;;;;;;;;https://soquem.qc.ca/map/;https://soquem.qc.ca/map/;;
129;107;;Rex-Duquet;Qalluviartuuq, Québec, Canada;North America;1;Unknown;;;;;;;;;;;;;;;;;;;;https://soquem.qc.ca/map/;https://soquem.qc.ca/map/;;
130;108;Antler Gold;Kesya; Kafue, Zambia;Africa;1;Carbonatite;;;;;;;;;;;;;;;;;;;;https://antlergold.com/projects/kesya-rare-earth-project;https://antlergold.com/projects/kesya-rare-earth-project;;
131;109;Meeka Gold Ltd;Cascade;Esperance, Australia;Australia;1;Ionic Clay;;;;;;;;;;;;;;;;;;;;https://meekametals.com.au/cascade-rare-earth-project/;https://meekametals.com.au/cascade-rare-earth-project/;;
132;110;;Circle valley;Norseman, Australia;Australia;1;Ionic Clay;;;;;;;;;;;;;;;;;;;;https://meekametals.com.au/cascade-rare-earth-project/;https://meekametals.com.au/cascade-rare-earth-project/;;
133;111;Venus Metals;Mangaroon;Gascoyne, Australia;Australia;1;Carbonatite;;;;;;;;;;;;;;;;;;;;https://www.venusmetals.com.au/our-projects/mangaroon-north-rare-earth-base-metals-project;https://www.venusmetals.com.au/our-projects/mangaroon-north-rare-earth-base-metals-project;;
134;112;Mount Ridley Mines Limited ;Mt Ridley;Mount Ridley, Western Australia;Australia;1;Ionic Clay;;;;;;;;;;;;;;;;;;;;https://stockhead.com.au/resources/drilling-kicks-off-at-mount-ridleys-namesake-rare-earth-project/;https://stockhead.com.au/resources/drilling-kicks-off-at-mount-ridleys-namesake-rare-earth-project/;;
135;113;Godolphin Resources Limited;Narraburra;the central west of NSW, Australia;Australia;1;Alkaline rock;3,4624;0,0473;;;;;;;;;;;;;;;;;;https://resourcesreview.com.au/projects/diamond-drilling-program-approved-for-narraburra-rare-earth-project/;https://resourcesreview.com.au/projects/diamond-drilling-program-approved-for-narraburra-rare-earth-project/;https://godolphinresources.com.au/narraburra;
136;114;Indiana Resources Limited’s;Lake Labyrinth Shear Zone;South Australia;Australia;1;IOCG;;;;;;;;;;;;;;;;;;;;https://www.theassay.com/news/indiana-identifies-rare-earth-potential-at-central-gawler-project/;https://www.theassay.com/news/indiana-identifies-rare-earth-potential-at-central-gawler-project/;;
137;115;Petratherm Limited;Comet;South Australia;Australia;1;Ionic Clay;;;;;;;;;;;;;;;;;;;;https://www.petratherm.com.au/;https://www.petratherm.com.au/;;
138;116;Terrain Minerals Ltd;Lort River;Esperance, Australia;Australia;1;Ionic Clay;;;;;;;;;;;;;;;;;;;;http://terrainminerals.com.au/;http://terrainminerals.com.au/;;
139;117;Eti Maden;Kızılcaören ;Eskişehir, Turkey;Asia;1;Carbonatite;13,2884;2,78;;;;;;;;;;;;;;;;;;Öztürk, H., Altuncu, S., Hanilçi, N., Kasapçı, C., & Goodenough, K. M. (2019). Rare earth element-bearing fluorite deposits of Turkey: An overview. Ore Geology Reviews, 105, 423-444.;Öztürk, H., Altuncu, S., Hanilçi, N., Kasapçı, C., & Goodenough, K. M. (2019). Rare earth element-bearing fluorite deposits of Turkey: An overview. Ore Geology Reviews, 105, 423-444.; Rare earth element-bearing fluorite deposits of Turkey: An overview. Ore Geology Reviews, 105, 423-444.;
140;118;China Northern Rare Earth (Group)High-Tech Co.,Ltd;Bayan Obo;China;Asia;4;Carbonatite;10000;5,6;25;50,07;5,1;16,6;1,2;0,18;0,7;0;0;0;0;0;0;0;0,43;1,13;China Northern Rare Earth (Group)High-Tech Co.,Ltd;Chunlong Li, Xiaogang Li, and Raoguang Xu,2015, Technology development and industrialization of resources comprehensive utilization of intergrowth and associated ore in Baiyun Obo. Rare Earth, 36(5), 151-158.;Chunlong Li, Xiaogang Li, and Raoguang Xu,2015, Technology development and industrialization of resources comprehensive utilization of intergrowth and associated ore in Baiyun Obo. Rare Earth, 36(5), 151-158.;Chunlong Li, Xiaogang Li, and Raoguang Xu,2015, Technology development and industrialization of resources comprehensive utilization of intergrowth and associated ore in Baiyun Obo. Rare Earth, 36(5), 151-158.;
141;119;China Rare Earth Group CO., LTD.;Weishan;China;Asia;4;Alkaline;44;4,6;35,46;47,76;3,95;10,9;0,79;0,13;0,53;0,14;-;-;-;-;0,03;-;0,76;1,46;China Northern Rare Earth (Group)High-Tech Co.,Ltd;Fan H R, Niu H C, Li X C, et al. The types, ore genesis and resource perspective of endogenic REE deposits in China (in Chinese). Chin Sci Bull, 2020, 65:3778–3793, doi: 10.1360/TB-2020-0432;Fan H R, Niu H C, Li X C, et al. The types, ore genesis and resource perspective of endogenic REE deposits in China (in Chinese). Chin Sci Bull, 2020, 65:3778–3793, doi: 10.1360/TB-2020-0432;Fan H R, Niu H C, Li X C, et al. The types, ore genesis and resource perspective of endogenic REE deposits in China (in Chinese). Chin Sci Bull, 2020, 65:3778–3793, doi: 10.1360/TB-2020-0432;
142;120;;Dalucao;China;Asia;4;Carbonatite;8,2;5,21;25,06069179;41,81938111;4,384718738;14,3336721;2,399292015;0,715670687;1,784796803;0,240642534;1,068980885;0,18552043;0,541605328;0,068703061;0,433573139;0,062388898;6,900362483;11,28657356;Shu er al., 2019, Geochemical characteristics and geological significance of fenites in the Mianning-Dechang REE belt, western Sichuan Province;Fan H R, Niu H C, Li X C, et al. The types, ore genesis and resource perspective of endogenic REE deposits in China (in Chinese). Chin Sci Bull, 2020, 65:3778–3793, doi: 10.1360/TB-2020-0432;Fan H R, Niu H C, Li X C, et al. The types, ore genesis and resource perspective of endogenic REE deposits in China (in Chinese). Chin Sci Bull, 2020, 65:3778–3793, doi: 10.1360/TB-2020-0432;Fan H R, Niu H C, Li X C, et al. The types, ore genesis and resource perspective of endogenic REE deposits in China (in Chinese). Chin Sci Bull, 2020, 65:3778–3793, doi: 10.1360/TB-2020-0432;
143;121;;Yangfang;China;Asia;4;Carbonatite;13,3;2,4;37,34;46,88;3,96;10,24;0,81;0,1;0,3;0,04;0,08;0,02;0,05;0,01;0,01;0;0,18;0,69;China Northern Rare Earth (Group)High-Tech Co.,Ltd;https://pdf.dfcfw.com/pdf/H3_AP202105301494845145_1.pdf?1622453411000.pdf;https://pdf.dfcfw.com/pdf/H3_AP202105301494845145_1.pdf?1622453411000.pdf;https://pdf.dfcfw.com/pdf/H3_AP202105301494845145_1.pdf?1622453411000.pdf;
144;122;;Maoniuping;China;Asia;4;Carbonatite;317;2,95;20,63982449;43,94693069;4,384400359;16,58927846;2,657195484;0,680333327;2,09400498;0,244293288;1,090718572;0,200311788;0,601485851;0,080312958;0,437538909;0,064478122;6,288892726;11,10203719;China Northern Rare Earth (Group)High-Tech Co.,Ltd;Fan H R, Niu H C, Li X C, et al. The types, ore genesis and resource perspective of endogenic REE deposits in China (in Chinese). Chin Sci Bull, 2020, 65:3778–3793, doi: 10.1360/TB-2020-0432;Fan H R, Niu H C, Li X C, et al. The types, ore genesis and resource perspective of endogenic REE deposits in China (in Chinese). Chin Sci Bull, 2020, 65:3778–3793, doi: 10.1360/TB-2020-0432;Fan H R, Niu H C, Li X C, et al. The types, ore genesis and resource perspective of endogenic REE deposits in China (in Chinese). Chin Sci Bull, 2020, 65:3778–3793, doi: 10.1360/TB-2020-0432;
145;123;;Muluozhai;China;Asia;4;Carbonatite;10;3,97;26,26490247;45,0592912;4,689198366;15,48742669;2,223115963;0,518131026;1,309940513;0,154004084;0,64151027;0,098579783;0,2382245;0,037303717;0,228492329;0,031004164;3,018874915;5,757934277;Ouyang and Liu, 2019, REE mineralization and characteristics of wall rocks in the muluozhai REE deposit, Mianning county, Sichuan Province;Fan H R, Niu H C, Li X C, et al. The types, ore genesis and resource perspective of endogenic REE deposits in China (in Chinese). Chin Sci Bull, 2020, 65:3778–3793, doi: 10.1360/TB-2020-0432;Fan H R, Niu H C, Li X C, et al. The types, ore genesis and resource perspective of endogenic REE deposits in China (in Chinese). Chin Sci Bull, 2020, 65:3778–3793, doi: 10.1360/TB-2020-0432;Fan H R, Niu H C, Li X C, et al. The types, ore genesis and resource perspective of endogenic REE deposits in China (in Chinese). Chin Sci Bull, 2020, 65:3778–3793, doi: 10.1360/TB-2020-0432;
146;124;;South China seven proveince;China;Asia;4;Clays;840;0,02;18,53;3,61;4,4;17,64;4,17;0,56;5;0,83;4,72;0,83;2,5;0,42;1,81;0,14;34,84;51,09;;Li, Y. H. M., Zhao, W. W. & Zhou, M.-F. Nature of parent rocks, mineralization styles and ore genesis of regolith-hosted REE deposits in South China: an integrated genetic model. J. Asian Earth Sci. 148, 65–95 (2017).;Li, Y. H. M., Zhao, W. W. & Zhou, M.-F. Nature of parent rocks, mineralization styles and ore genesis of regolith-hosted REE deposits in South China: an integrated genetic model. J. Asian Earth Sci. 148, 65–95 (2017).;Personal conmunacation with Prof. Hanjie Wen;